id	atlas_id	acronym	name	parent_structure_id
997	-1	root	root	null
8	0	grey	Basic cell groups and regions	997
567	70	CH	Cerebrum	8
688	85	CTX	Cerebral cortex	567
695	86	CTXpl	Cortical plate	688
315	746	Isocortex	Isocortex	695
184	871	FRP	Frontal pole, cerebral cortex	315
68	998	FRP1	Frontal pole, layer 1	184
667	1073	FRP2/3	Frontal pole, layer 2/3	184
500	203	MO	Somatomotor areas	315
107	1003	MO1	Somatomotor areas, Layer 1	500
219	1017	MO2/3	Somatomotor areas, Layer 2/3	500
299	1027	MO5	Somatomotor areas, Layer 5	500
644	787	MO6a	Somatomotor areas, Layer 6a	500
947	825	MO6b	Somatomotor areas, Layer 6b	500
985	830	MOp	Primary motor area	500
320	888	MOp1	Primary motor area, Layer 1	985
943	966	MOp2/3	Primary motor area, Layer 2/3	985
648	929	MOp5	Primary motor area, Layer 5	985
844	1095	MOp6a	Primary motor area, Layer 6a	985
882	1100	MOp6b	Primary motor area, Layer 6b	985
993	831	MOs	Secondary motor area	500
656	930	MOs1	Secondary motor area, layer 1	993
962	1110	MOs2/3	Secondary motor area, layer 2/3	993
767	944	MOs5	Secondary motor area, layer 5	993
1021	1117	MOs6a	Secondary motor area, layer 6a	993
1085	1125	MOs6b	Secondary motor area, layer 6b	993
453	339	SS	Somatosensory areas	315
12993	null	SS1	Somatosensory areas, layer 1	453
12994	null	SS2/3	Somatosensory areas, layer 2/3	453
12995	null	SS4	Somatosensory areas, layer 4	453
12996	null	SS5	Somatosensory areas, layer 5	453
12997	null	SS6a	Somatosensory areas, layer 6a	453
12998	null	SS6b	Somatosensory areas, layer 6b	453
322	747	SSp	Primary somatosensory area	453
793	1089	SSp1	Primary somatosensory area, layer 1	322
346	1033	SSp2/3	Primary somatosensory area, layer 2/3	322
865	1098	SSp4	Primary somatosensory area, layer 4	322
921	1105	SSp5	Primary somatosensory area, layer 5	322
686	934	SSp6a	Primary somatosensory area, layer 6a	322
719	938	SSp6b	Primary somatosensory area, layer 6b	322
353	751	SSp-n	Primary somatosensory area, nose	322
558	635	SSp-n1	Primary somatosensory area, nose, layer 1	353
838	953	SSp-n2/3	Primary somatosensory area, nose, layer 2/3	353
654	647	SSp-n4	Primary somatosensory area, nose, layer 4	353
702	653	SSp-n5	Primary somatosensory area, nose, layer 5	353
889	1101	SSp-n6a	Primary somatosensory area, nose, layer 6a	353
929	1106	SSp-n6b	Primary somatosensory area, nose, layer 6b	353
329	748	SSp-bfd	Primary somatosensory area, barrel field	322
981	971	SSp-bfd1	Primary somatosensory area, barrel field, layer 1	329
201	1015	SSp-bfd2/3	Primary somatosensory area, barrel field, layer 2/3	329
1047	979	SSp-bfd4	Primary somatosensory area, barrel field, layer 4	329
1070	982	SSp-bfd5	Primary somatosensory area, barrel field, layer 5	329
1038	978	SSp-bfd6a	Primary somatosensory area, barrel field, layer 6a	329
1062	981	SSp-bfd6b	Primary somatosensory area, barrel field, layer 6b	329
337	749	SSp-ll	Primary somatosensory area, lower limb	322
1030	977	SSp-ll1	Primary somatosensory area, lower limb, layer 1	337
113	1004	SSp-ll2/3	Primary somatosensory area, lower limb, layer 2/3	337
1094	985	SSp-ll4	Primary somatosensory area, lower limb, layer 4	337
1128	989	SSp-ll5	Primary somatosensory area, lower limb, layer 5	337
478	625	SSp-ll6a	Primary somatosensory area, lower limb, layer 6a	337
510	629	SSp-ll6b	Primary somatosensory area, lower limb, layer 6b	337
345	750	SSp-m	Primary somatosensory area, mouth	322
878	958	SSp-m1	Primary somatosensory area, mouth, layer 1	345
657	1072	SSp-m2/3	Primary somatosensory area, mouth, layer 2/3	345
950	967	SSp-m4	Primary somatosensory area, mouth, layer 4	345
974	970	SSp-m5	Primary somatosensory area, mouth, layer 5	345
1102	986	SSp-m6a	Primary somatosensory area, mouth, layer 6a	345
2	990	SSp-m6b	Primary somatosensory area, mouth, layer 6b	345
369	753	SSp-ul	Primary somatosensory area, upper limb	322
450	1046	SSp-ul1	Primary somatosensory area, upper limb, layer 1	369
854	955	SSp-ul2/3	Primary somatosensory area, upper limb, layer 2/3	369
577	1062	SSp-ul4	Primary somatosensory area, upper limb, layer 4	369
625	1068	SSp-ul5	Primary somatosensory area, upper limb, layer 5	369
945	1108	SSp-ul6a	Primary somatosensory area, upper limb, layer 6a	369
1026	1118	SSp-ul6b	Primary somatosensory area, upper limb, layer 6b	369
361	752	SSp-tr	Primary somatosensory area, trunk	322
1006	974	SSp-tr1	Primary somatosensory area, trunk, layer 1	361
670	649	SSp-tr2/3	Primary somatosensory area, trunk, layer 2/3	361
1086	984	SSp-tr4	Primary somatosensory area, trunk, layer 4	361
1111	987	SSp-tr5	Primary somatosensory area, trunk, layer 5	361
9	991	SSp-tr6a	Primary somatosensory area, trunk, layer 6a	361
461	623	SSp-tr6b	Primary somatosensory area, trunk, layer 6b	361
378	754	SSs	Supplemental somatosensory area	453
873	1099	SSs1	Supplemental somatosensory area, layer 1	378
806	949	SSs2/3	Supplemental somatosensory area, layer 2/3	378
1035	1119	SSs4	Supplemental somatosensory area, layer 4	378
1090	1126	SSs5	Supplemental somatosensory area, layer 5	378
862	956	SSs6a	Supplemental somatosensory area, layer 6a	378
893	960	SSs6b	Supplemental somatosensory area, layer 6b	378
44	146	ILA	Infralimbic area	315
707	1078	ILA1	Infralimbic area, layer 1	44
747	1083	ILA2	Infralimbic area, layer 2	44
556	1059	ILA2/3	Infralimbic area, layer 2/3	44
827	1093	ILA5	Infralimbic area, layer 5	44
1054	980	ILA6a	Infralimbic area, layer 6a	44
1081	983	ILA6b	Infralimbic area, layer 6b	44
1057	131	GU	Gustatory areas	315
36	994	GU1	Gustatory areas, layer 1	1057
180	729	GU2/3	Gustatory areas, layer 2/3	1057
148	1008	GU4	Gustatory areas, layer 4	1057
187	1013	GU5	Gustatory areas, layer 5	1057
638	645	GU6a	Gustatory areas, layer 6a	1057
662	648	GU6b	Gustatory areas, layer 6b	1057
677	367	VISC	Visceral area	315
897	1102	VISC1	Visceral area, layer 1	677
1106	1128	VISC2/3	Visceral area, layer 2/3	677
1010	1116	VISC4	Visceral area, layer 4	677
1058	1122	VISC5	Visceral area, layer 5	677
857	1097	VISC6a	Visceral area, layer 6a	677
849	1096	VISC6b	Visceral area, layer 6b	677
247	30	AUD	Auditory areas	315
1011	833	AUDd	Dorsal auditory area	247
527	631	AUDd1	Dorsal auditory area, layer 1	1011
600	923	AUDd2/3	Dorsal auditory area, layer 2/3	1011
678	650	AUDd4	Dorsal auditory area, layer 4	1011
252	738	AUDd5	Dorsal auditory area, layer 5	1011
156	1009	AUDd6a	Dorsal auditory area, layer 6a	1011
243	1020	AUDd6b	Dorsal auditory area, layer 6b	1011
1002	832	AUDp	Primary auditory area	247
735	940	AUDp1	Primary auditory area, layer 1	1002
251	1021	AUDp2/3	Primary auditory area, layer 2/3	1002
816	950	AUDp4	Primary auditory area, layer 4	1002
847	954	AUDp5	Primary auditory area, layer 5	1002
954	1109	AUDp6a	Primary auditory area, layer 6a	1002
1005	1115	AUDp6b	Primary auditory area, layer 6b	1002
1027	835	AUDpo	Posterior auditory area	247
696	935	AUDpo1	Posterior auditory area, layer 1	1027
643	1070	AUDpo2/3	Posterior auditory area, layer 2/3	1027
759	943	AUDpo4	Posterior auditory area, layer 4	1027
791	947	AUDpo5	Posterior auditory area, layer 5	1027
249	455	AUDpo6a	Posterior auditory area, layer 6a	1027
456	622	AUDpo6b	Posterior auditory area, layer 6b	1027
1018	834	AUDv	Ventral auditory area	247
959	968	AUDv1	Ventral auditory area, layer 1	1018
755	1084	AUDv2/3	Ventral auditory area, layer 2/3	1018
990	972	AUDv4	Ventral auditory area, layer 4	1018
1023	976	AUDv5	Ventral auditory area, layer 5	1018
520	630	AUDv6a	Ventral auditory area, layer 6a	1018
598	640	AUDv6b	Ventral auditory area, layer 6b	1018
669	366	VIS	Visual areas	315
801	1090	VIS1	Visual areas, layer 1	669
561	1060	VIS2/3	Visual areas, layer 2/3	669
913	1104	VIS4	Visual areas, layer 4	669
937	1107	VIS5	Visual areas, layer 5	669
457	1047	VIS6a	Visual areas, layer 6a	669
497	1052	VIS6b	Visual areas, layer 6b	669
402	757	VISal	Anterolateral visual area	669
1074	1124	VISal1	Anterolateral visual area, layer 1	402
905	1103	VISal2/3	Anterolateral visual area, layer 2/3	402
1114	1129	VISal4	Anterolateral visual area, layer 4	402
233	453	VISal5	Anterolateral visual area, layer 5	402
601	1065	VISal6a	Anterolateral visual area, layer 6a	402
649	1071	VISal6b	Anterolateral visual area, layer 6b	402
394	756	VISam	Anteromedial visual area	669
281	1025	VISam1	Anteromedial visual area, layer 1	394
1066	1123	VISam2/3	Anteromedial visual area, layer 2/3	394
401	1040	VISam4	Anteromedial visual area, layer 4	394
433	1044	VISam5	Anteromedial visual area, layer 5	394
1046	696	VISam6a	Anteromedial visual area, layer 6a	394
441	762	VISam6b	Anteromedial visual area, layer 6b	394
409	758	VISl	Lateral visual area	669
421	618	VISl1	Lateral visual area, layer 1	409
973	687	VISl23	Lateral visual area, layer 2/3	409
573	637	VISl4	Lateral visual area, layer 4	409
613	642	VISl5	Lateral visual area, layer 5	409
74	999	VISl6a	Lateral visual area, layer 6a	409
121	1005	VISl6b	Lateral visual area, layer 6b	409
385	755	VISp	Primary visual area	669
593	1064	VISp1	Primary visual area, layer 1	385
821	951	VISp2/3	Primary visual area, layer 2/3	385
721	1080	VISp4	Primary visual area, layer 4	385
778	1087	VISp5	Primary visual area, layer 5	385
33	428	VISp6a	Primary visual area, layer 6a	385
305	462	VISp6b	Primary visual area, layer 6b	385
425	760	VISpl	Posterolateral visual area	669
750	942	VISpl1	Posterolateral visual area, layer 1	425
269	882	VISpl2/3	Posterolateral visual area, layer 2/3	425
869	957	VISpl4	Posterolateral visual area, layer 4	425
902	961	VISpl5	Posterolateral visual area, layer 5	425
377	1037	VISpl6a	Posterolateral visual area, layer 6a	425
393	1039	VISpl6b	Posterolateral visual area, layer 6b	425
533	915	VISpm	posteromedial visual area	669
805	383	VISpm1	posteromedial visual area, layer 1	533
41	995	VISpm2/3	posteromedial visual area, layer 2/3	533
501	628	VISpm4	posteromedial visual area, layer 4	533
565	636	VISpm5	posteromedial visual area, layer 5	533
257	456	VISpm6a	posteromedial visual area, layer 6a	533
469	624	VISpm6b	posteromedial visual area, layer 6b	533
31	3	ACA	Anterior cingulate area	315
572	1061	ACA1	Anterior cingulate area, layer 1	31
1053	1121	ACA2/3	Anterior cingulate area, layer 2/3	31
739	1082	ACA5	Anterior cingulate area, layer 5	31
179	1012	ACA6a	Anterior cingulate area, layer 6a	31
227	1018	ACA6b	Anterior cingulate area, layer 6b	31
39	4	ACAd	Anterior cingulate area, dorsal part	31
935	965	ACAd1	Anterior cingulate area, dorsal part, layer 1	39
211	1016	ACAd2/3	Anterior cingulate area, dorsal part, layer 2/3	39
1015	975	ACAd5	Anterior cingulate area, dorsal part, layer 5	39
919	963	ACAd6a	Anterior cingulate area, dorsal part, layer 6a	39
927	964	ACAd6b	Anterior cingulate area, dorsal part, layer 6b	39
48	5	ACAv	Anterior cingulate area, ventral part	31
588	1063	ACAv1	Anterior cingulate area, ventral part, layer 1	48
296	885	ACAv2/3	Anterior cingulate area, ventral part, layer 2/3	48
772	1086	ACAv5	Anterior cingulate area, ventral part, layer 5	48
810	1091	ACAv6a	Anterior cingulate area, ventral part, 6a	48
819	1092	ACAv6b	Anterior cingulate area, ventral part, 6b	48
972	262	PL	Prelimbic area	315
171	1011	PL1	Prelimbic area, layer 1	972
195	1014	PL2	Prelimbic area, layer 2	972
304	886	PL2/3	Prelimbic area, layer 2/3	972
363	1035	PL5	Prelimbic area, layer 5	972
84	1000	PL6a	Prelimbic area, layer 6a	972
132	1006	PL6b	Prelimbic area, layer 6b	972
714	230	ORB	Orbital area	315
264	881	ORB1	Orbital area, layer 1	714
492	1051	ORB2/3	Orbital area, layer 2/3	714
352	892	ORB5	Orbital area, layer 5	714
476	1049	ORB6a	Orbital area, layer 6a	714
516	1054	ORB6b	Orbital area, layer 6b	714
723	231	ORBl	Orbital area, lateral part	714
448	621	ORBl1	Orbital area, lateral part, layer 1	723
412	1041	ORBl2/3	Orbital area, lateral part, layer 2/3	723
630	644	ORBl5	Orbital area, lateral part, layer 5	723
440	620	ORBl6a	Orbital area, lateral part, layer 6a	723
488	626	ORBl6b	Orbital area, lateral part, layer 6b	723
731	232	ORBm	Orbital area, medial part	714
484	1050	ORBm1	Orbital area, medial part, layer 1	731
524	1055	ORBm2	Orbital area, medial part, layer 2	731
582	638	ORBm2/3	Orbital area, medial part, layer 2/3	731
620	1067	ORBm5	Orbital area, medial part, layer 5	731
910	962	ORBm6a	Orbital area, medial part, layer 6a	731
738	233	ORBv	Orbital area, ventral part	714
746	234	ORBvl	Orbital area, ventrolateral part	714
969	1111	ORBvl1	Orbital area, ventrolateral part, layer 1	746
288	884	ORBvl2/3	Orbital area, ventrolateral part, layer 2/3	746
1125	1130	ORBvl5	Orbital area, ventrolateral part, layer 5	746
608	924	ORBvl6a	Orbital area, ventrolateral part, layer 6a	746
680	933	ORBvl6b	Orbital area, ventrolateral part, layer 6b	746
95	11	AI	Agranular insular area	315
104	12	AId	Agranular insular area, dorsal part	95
996	1114	AId1	Agranular insular area, dorsal part, layer 1	104
328	889	AId2/3	Agranular insular area, dorsal part, layer 2/3	104
1101	1127	AId5	Agranular insular area, dorsal part, layer 5	104
783	946	AId6a	Agranular insular area, dorsal part, layer 6a	104
831	952	AId6b	Agranular insular area, dorsal part, layer 6b	104
111	13	AIp	Agranular insular area, posterior part	95
120	863	AIp1	Agranular insular area, posterior part, layer 1	111
163	1010	AIp2/3	Agranular insular area, posterior part, layer 2/3	111
344	891	AIp5	Agranular insular area, posterior part, layer 5	111
314	1029	AIp6a	Agranular insular area, posterior part, layer 6a	111
355	1034	AIp6b	Agranular insular area, posterior part, layer 6b	111
119	14	AIv	Agranular insular area, ventral part	95
704	936	AIv1	Agranular insular area, ventral part, layer 1	119
694	652	AIv2/3	Agranular insular area, ventral part, layer 2/3	119
800	948	AIv5	Agranular insular area, ventral part, layer 5	119
675	1074	AIv6a	Agranular insular area, ventral part, layer 6a	119
699	1077	AIv6b	Agranular insular area, ventral part, layer 6b	119
254	314	RSP	Retrosplenial area	315
894	394	RSPagl	Retrosplenial area, lateral agranular part	254
671	932	RSPagl1	Retrosplenial area, lateral agranular part, layer 1	894
965	969	RSPagl2/3	Retrosplenial area, lateral agranular part, layer 2/3	894
774	945	RSPagl5	Retrosplenial area, lateral agranular part, layer 5	894
906	820	RSPagl6a	Retrosplenial area, lateral agranular part, layer 6a	894
279	883	RSPagl6b	Retrosplenial area, lateral agranular part, layer 6b	894
879	392	RSPd	Retrosplenial area, dorsal part	254
442	1045	RSPd1	Retrosplenial area, dorsal part, layer 1	879
434	761	RSPd2/3	Retrosplenial area, dorsal part, layer 2/3	879
545	1058	RSPd4	Retrosplenial area, dorsal part, layer 4	879
610	1066	RSPd5	Retrosplenial area, dorsal part, layer 5	879
274	1024	RSPd6a	Retrosplenial area, dorsal part, layer 6a	879
330	1031	RSPd6b	Retrosplenial area, dorsal part, layer 6b	879
886	393	RSPv	Retrosplenial area, ventral part	254
542	633	RSPv1	Retrosplenial area, ventral part, layer 1	886
606	641	RSPv2	Retrosplenial area, ventral part, layer 2	886
430	619	RSPv2/3	Retrosplenial area, ventral part, layer 2/3	886
687	651	RSPv5	Retrosplenial area, ventral part, layer 5	886
590	639	RSPv6a	Retrosplenial area, ventral part, layer 6a	886
622	643	RSPv6b	Retrosplenial area, ventral part, layer 6b	886
22	285	PTLp	Posterior parietal association areas	315
532	1056	PTLp1	Posterior parietal association areas, layer 1	22
241	454	PTLp2/3	Posterior parietal association areas, layer 2/3	22
635	1069	PTLp4	Posterior parietal association areas, layer 4	22
683	1075	PTLp5	Posterior parietal association areas, layer 5	22
308	1028	PTLp6a	Posterior parietal association areas, layer 6a	22
340	1032	PTLp6b	Posterior parietal association areas, layer 6b	22
541	350	TEa	Temporal association areas	315
97	1002	TEa1	Temporal association areas, layer 1	541
1127	706	TEa2/3	Temporal association areas, layer 2/3	541
234	1019	TEa4	Temporal association areas, layer 4	541
289	1026	TEa5	Temporal association areas, layer 5	541
729	1081	TEa6a	Temporal association areas, layer 6a	541
786	1088	TEa6b	Temporal association areas, layer 6b	541
922	256	PERI	Perirhinal area	315
335	890	PERI6a	Perirhinal area, layer 6a	922
368	894	PERI6b	Perirhinal area, layer 6b	922
540	1057	PERI1	Perirhinal area, layer 1	922
692	1076	PERI5	Perirhinal area, layer 5	922
888	959	PERI2/3	Perirhinal area, layer 2/3	922
895	111	ECT	Ectorhinal area	315
836	1094	ECT1	Ectorhinal area/Layer 1	895
427	1043	ECT2/3	Ectorhinal area/Layer 2/3	895
988	1113	ECT5	Ectorhinal area/Layer 5	895
977	1112	ECT6a	Ectorhinal area/Layer 6a	895
1045	1120	ECT6b	Ectorhinal area/Layer 6b	895
698	228	OLF	Olfactory areas	695
507	204	MOB	Main olfactory bulb	698
212	733	MOBgl	Main olfactory bulb, glomerular layer	507
220	734	MOBgr	Main olfactory bulb, granule layer	507
228	735	MOBipl	Main olfactory bulb, inner plexiform layer	507
236	736	MOBmi	Main olfactory bulb, mitral layer	507
244	737	MOBopl	Main olfactory bulb, outer plexiform layer	507
151	18	AOB	Accessory olfactory bulb	698
188	730	AOBgl	Accessory olfactory bulb, glomerular layer	151
196	731	AOBgr	Accessory olfactory bulb, granular layer	151
204	732	AOBmi	Accessory olfactory bulb, mitral layer	151
159	19	AON	Anterior olfactory nucleus	698
167	20	AONd	Anterior olfactory nucleus, dorsal part	159
175	21	AONe	Anterior olfactory nucleus, external part	159
183	22	AONl	Anterior olfactory nucleus, lateral part	159
191	23	AONm	Anterior olfactory nucleus, medial part	159
199	24	AONpv	Anterior olfactory nucleus, posteroventral part	159
160	868	AON1	Anterior olfactory nucleus, layer 1	159
168	869	AON2	Anterior olfactory nucleus, layer 2	159
589	356	TT	Taenia tecta	698
597	357	TTd	Taenia tecta, dorsal part	589
297	744	TTd1-4	Taenia tecta, dorsal part, layers 1-4	589
1034	836	TTd1	Taenia tecta, dorsal part, layer 1	589
1042	837	TTd2	Taenia tecta, dorsal part, layer 2	589
1050	838	TTd3	Taenia tecta, dorsal part, layer 3	589
1059	839	TTd4	Taenia tecta, dorsal part, layer 4	589
605	358	TTv	Taenia tecta, ventral part	589
306	745	TTv1-3	Taenia tecta, ventral part, layers 1-3	589
1067	840	TTv1	Taenia tecta, ventral part, layer 1	589
1075	841	TTv2	Taenia tecta, ventral part, layer 2	589
1082	842	TTv3	Taenia tecta, ventral part, layer 3	589
814	384	DP	Dorsal peduncular area	698
496	627	DP1	Dorsal peduncular area, layer 1	814
535	632	DP2	Dorsal peduncular area, layer 2	814
360	893	DP2/3	Dorsal peduncular area, layer 2/3	814
646	646	DP5	Dorsal peduncular area, layer 5	814
267	1023	DP6a	Dorsal peduncular area, layer 6a	814
961	261	PIR	Piriform area	698
152	867	PIR1-3	Piriform area, layers 1-3	961
276	741	PIR1	Piriform area, molecular layer	961
284	742	PIR2	Piriform area, pyramidal layer	961
291	743	PIR3	Piriform area, polymorph layer	961
619	218	NLOT	Nucleus of the lateral olfactory tract	698
392	897	NLOT1-3	Nucleus of the lateral olfactory tract, layers 1-3	619
260	739	NLOT1	Nucleus of the lateral olfactory tract, molecular layer	619
268	740	NLOT2	Nucleus of the lateral olfactory tract, pyramidal layer	619
1139	1137	NLOT3	Nucleus of the lateral olfactory tract, layer 3	619
631	78	COA	Cortical amygdalar area	698
639	79	COAa	Cortical amygdalar area, anterior part	631
192	872	COAa1	Cortical amygdalar area, anterior part, layer 1	639
200	873	COAa2	Cortical amygdalar area, anterior part, layer 2	639
208	874	COAa3	Cortical amygdalar area, anterior part, layer 3	639
647	80	COAp	Cortical amygdalar area, posterior part	631
655	81	COApl	Cortical amygdalar area, posterior part, lateral zone	647
584	921	COApl1-2	Cortical amygdalar area, posterior part, lateral zone, layers 1-2	655
376	895	COApl1-3	Cortical amygdalar area, posterior part, lateral zone, layers 1-3	655
216	875	COApl1	Cortical amygdalar area, posterior part, lateral zone, layer 1	655
224	876	COApl2	Cortical amygdalar area, posterior part, lateral zone, layer 2	655
232	877	COApl3	Cortical amygdalar area, posterior part, lateral zone, layer 3	655
663	82	COApm	Cortical amygdalar area, posterior part, medial zone	647
592	922	COApm1-2	Cortical amygdalar area, posterior part, medial zone, layers 1-2	663
383	896	COApm1-3	Cortical amygdalar area, posterior part, medial zone, layers 1-3	663
240	878	COApm1	Cortical amygdalar area, posterior part, medial zone, layer 1	663
248	879	COApm2	Cortical amygdalar area, posterior part, medial zone, layer 2	663
256	880	COApm3	Cortical amygdalar area, posterior part, medial zone, layer 3	663
788	239	PAA	Piriform-amygdalar area	698
400	898	PAA1-3	Piriform-amygdalar area, layers 1-3	788
408	899	PAA1	Piriform-amygdalar area, molecular layer	788
416	900	PAA2	Piriform-amygdalar area, pyramidal layer	788
424	901	PAA3	Piriform-amygdalar area, polymorph layer	788
566	353	TR	Postpiriform transition area	698
517	913	TR1-3	Postpiriform transition area, layers 1-3	566
1140	1138	TR1	Postpiriform transition area, layers 1	566
1141	1139	TR2	Postpiriform transition area, layers 2	566
1142	1140	TR3	Postpiriform transition area, layers 3	566
1089	135	HPF	Hippocampal formation	695
1080	134	HIP	Hippocampal region	1089
375	46	CA	Ammon's horn	1080
382	47	CA1	Field CA1	375
391	48	CA1slm	Field CA1, stratum lacunosum-moleculare	382
399	49	CA1so	Field CA1, stratum oriens	382
407	50	CA1sp	Field CA1, pyramidal layer	382
415	51	CA1sr	Field CA1, stratum radiatum	382
423	52	CA2	Field CA2	375
431	53	CA2slm	Field CA2, stratum lacunosum-moleculare	423
438	54	CA2so	Field CA2, stratum oriens	423
446	55	CA2sp	Field CA2, pyramidal layer	423
454	56	CA2sr	Field CA2, stratum radiatum	423
463	57	CA3	Field CA3	375
471	58	CA3slm	Field CA3, stratum lacunosum-moleculare	463
479	59	CA3slu	Field CA3, stratum lucidum	463
486	60	CA3so	Field CA3, stratum oriens	463
495	61	CA3sp	Field CA3, pyramidal layer	463
504	62	CA3sr	Field CA3, stratum radiatum	463
726	90	DG	Dentate gyrus	1080
10703	null	DG-mo	Dentate gyrus, molecular layer	726
10704	null	DG-po	Dentate gyrus, polymorph layer	726
632	927	DG-sg	Dentate gyrus, granule cell layer	726
10702	null	DG-sgz	Dentate gyrus, subgranular zone	726
734	91	DGcr	Dentate gyrus crest	726
742	92	DGcr-mo	Dentate gyrus crest, molecular layer	734
751	93	DGcr-po	Dentate gyrus crest, polymorph layer	734
758	94	DGcr-sg	Dentate gyrus crest, granule cell layer	734
766	95	DGlb	Dentate gyrus lateral blade	726
775	96	DGlb-mo	Dentate gyrus lateral blade, molecular layer	766
782	97	DGlb-po	Dentate gyrus lateral blade, polymorph layer	766
790	98	DGlb-sg	Dentate gyrus lateral blade, granule cell layer	766
799	99	DGmb	Dentate gyrus medial blade	726
807	100	DGmb-mo	Dentate gyrus medial blade, molecular layer	799
815	101	DGmb-po	Dentate gyrus medial blade, polymorph layer	799
823	102	DGmb-sg	Dentate gyrus medial blade, granule cell layer	799
982	122	FC	Fasciola cinerea	1080
19	143	IG	Induseum griseum	1080
822	385	RHP	Retrohippocampal region	1089
909	113	ENT	Entorhinal area	822
918	114	ENTl	Entorhinal area, lateral part	909
1121	988	ENTl1	Entorhinal area, lateral part, layer 1	918
20	992	ENTl2	Entorhinal area, lateral part, layer 2	918
999	973	ENTl2/3	Entorhinal area, lateral part, layer 2/3	918
715	1079	ENTl2a	Entorhinal area, lateral part, layer 2a	918
764	1085	ENTl2b	Entorhinal area, lateral part, layer 2b	918
52	996	ENTl3	Entorhinal area, lateral part, layer 3	918
92	1001	ENTl4	Entorhinal area, lateral part, layer 4	918
312	887	ENTl4/5	Entorhinal area, lateral part, layer 4/5	918
139	1007	ENTl5	Entorhinal area, lateral part, layer 5	918
387	1038	ENTl5/6	Entorhinal area, lateral part, layer 5/6	918
28	993	ENTl6a	Entorhinal area, lateral part, layer 6a	918
60	997	ENTl6b	Entorhinal area, lateral part, layer 6b	918
926	115	ENTm	Entorhinal area, medial part, dorsal zone	909
526	914	ENTm1	Entorhinal area, medial part, dorsal zone, layer 1	926
543	916	ENTm2	Entorhinal area, medial part, dorsal zone, layer 2	926
468	1048	ENTm2a	Entorhinal area, medial part, dorsal zone, layer 2a	926
508	1053	ENTm2b	Entorhinal area, medial part, dorsal zone, layer 2b	926
664	931	ENTm3	Entorhinal area, medial part, dorsal zone, layer 3	926
712	937	ENTm4	Entorhinal area, medial part, dorsal zone, layer 4	926
727	939	ENTm5	Entorhinal area, medial part, dorsal zone, layer 5	926
550	634	ENTm5/6	Entorhinal area, medial part, dorsal zone, layer 5/6	926
743	941	ENTm6	Entorhinal area, medial part, dorsal zone, layer 6	926
934	116	ENTmv	Entorhinal area, medial part, ventral zone	909
259	1022	ENTmv1	Entorhinal area, medial part, ventral zone, layer 1	934
324	1030	ENTmv2	Entorhinal area, medial part, ventral zone, layer 2	934
371	1036	ENTmv3	Entorhinal area, medial part, ventral zone, layer 3	934
419	1042	ENTmv4	Entorhinal area, medial part, ventral zone, layer 4	934
1133	1131	ENTmv5/6	Entorhinal area, medial part, ventral zone, layer 5/6	934
843	246	PAR	Parasubiculum	822
10693	null	PAR1	Parasubiculum, layer 1	843
10694	null	PAR2	Parasubiculum, layer 2	843
10695	null	PAR3	Parasubiculum, layer 3	843
1037	270	POST	Postsubiculum	822
10696	null	POST1	Postsubiculum, layer 1	1037
10697	null	POST2	Postsubiculum, layer 2	1037
10698	null	POST3	Postsubiculum, layer 3	1037
1084	276	PRE	Presubiculum	822
10699	null	PRE1	Presubiculum, layer 1	1084
10700	null	PRE2	Presubiculum, layer 2	1084
10701	null	PRE3	Presubiculum, layer 3	1084
502	345	SUB	Subiculum	822
509	346	SUBd	Subiculum, dorsal part	502
829	386	SUBd-m	Subiculum, dorsal part, molecular layer	509
845	388	SUBd-sp	Subiculum, dorsal part, pyramidal layer	509
837	387	SUBd-sr	Subiculum, dorsal part, stratum radiatum	509
518	347	SUBv	Subiculum, ventral part	502
853	389	SUBv-m	Subiculum, ventral part, molecular layer	518
870	391	SUBv-sp	Subiculum, ventral part, pyramidal layer	518
861	390	SUBv-sr	Subiculum, ventral part, stratum radiatum	518
703	87	CTXsp	Cortical subplate	688
16	1	6b	Layer 6b, isocortex	703
583	72	CLA	Claustrum	703
942	117	EP	Endopiriform nucleus	703
952	118	EPd	Endopiriform nucleus, dorsal part	942
966	120	EPv	Endopiriform nucleus, ventral part	942
131	157	LA	Lateral amygdalar nucleus	703
295	36	BLA	Basolateral amygdalar nucleus	703
303	37	BLAa	Basolateral amygdalar nucleus, anterior part	295
311	38	BLAp	Basolateral amygdalar nucleus, posterior part	295
451	763	BLAv	Basolateral amygdalar nucleus, ventral part	295
319	39	BMA	Basomedial amygdalar nucleus	703
327	40	BMAa	Basomedial amygdalar nucleus, anterior part	319
334	41	BMAp	Basomedial amygdalar nucleus, posterior part	319
780	238	PA	Posterior amygdalar nucleus	703
623	77	CNU	Cerebral nuclei	567
477	342	STR	Striatum	623
485	343	STRd	Striatum dorsal region	477
672	83	CP	Caudoputamen	485
493	344	STRv	Striatum ventral region	477
56	6	ACB	Nucleus accumbens	493
998	124	FS	Fundus of striatum	493
754	235	OT	Olfactory tubercle	493
481	767	isl	Islands of Calleja	754
489	768	islm	Major island of Calleja	754
144	866	OT1-3	Olfactory tubercle, layers 1-3	754
458	764	OT1	Olfactory tubercle, molecular layer	754
465	765	OT2	Olfactory tubercle, pyramidal layer	754
473	766	OT3	Olfactory tubercle, polymorph layer	754
275	175	LSX	Lateral septal complex	477
242	171	LS	Lateral septal nucleus	275
250	172	LSc	Lateral septal nucleus, caudal (caudodorsal) part	242
258	173	LSr	Lateral septal nucleus, rostral (rostroventral) part	242
266	174	LSv	Lateral septal nucleus, ventral part	242
310	321	SF	Septofimbrial nucleus	275
333	324	SH	Septohippocampal nucleus	275
278	317	sAMY	Striatum-like amygdalar nuclei	477
23	2	AAA	Anterior amygdalar area	278
292	460	BA	Bed nucleus of the accessory olfactory tract	278
536	66	CEA	Central amygdalar nucleus	278
544	67	CEAc	Central amygdalar nucleus, capsular part	536
551	68	CEAl	Central amygdalar nucleus, lateral part	536
559	69	CEAm	Central amygdalar nucleus, medial part	536
1105	137	IA	Intercalated amygdalar nucleus	278
403	191	MEA	Medial amygdalar nucleus	278
411	192	MEAad	Medial amygdalar nucleus, anterodorsal part	403
418	193	MEAav	Medial amygdalar nucleus, anteroventral part	403
426	194	MEApd	Medial amygdalar nucleus, posterodorsal part	403
472	907	MEApd-a	Medial amygdalar nucleus, posterodorsal part, sublayer a	426
480	908	MEApd-b	Medial amygdalar nucleus, posterodorsal part, sublayer b	426
487	909	MEApd-c	Medial amygdalar nucleus, posterodorsal part, sublayer c	426
435	195	MEApv	Medial amygdalar nucleus, posteroventral part	403
803	241	PAL	Pallidum	623
818	243	PALd	Pallidum, dorsal region	803
1022	127	GPe	Globus pallidus, external segment	818
1031	128	GPi	Globus pallidus, internal segment	818
835	245	PALv	Pallidum, ventral region	803
342	325	SI	Substantia innominata	835
298	178	MA	Magnocellular nucleus	835
826	244	PALm	Pallidum, medial region	803
904	395	MSC	Medial septal complex	826
564	211	MS	Medial septal nucleus	904
596	215	NDB	Diagonal band nucleus	904
581	355	TRS	Triangular nucleus of septum	826
809	242	PALc	Pallidum, caudal region	803
351	43	BST	Bed nuclei of the stria terminalis	809
359	44	BSTa	Bed nuclei of the stria terminalis, anterior division	351
537	774	BSTal	Bed nuclei of the stria terminalis, anterior division, anterolateral area	359
498	769	BSTam	Bed nuclei of the stria terminalis, anterior division, anteromedial area	359
505	770	BSTdm	Bed nuclei of the stria terminalis, anterior division, dorsomedial nucleus	359
513	771	BSTfu	Bed nuclei of the stria terminalis, anterior division, fusiform nucleus	359
546	775	BSTju	Bed nuclei of the stria terminalis, anterior division, juxtacapsular nucleus	359
521	772	BSTmg	Bed nuclei of the stria terminalis, anterior division, magnocellular nucleus	359
554	776	BSTov	Bed nuclei of the stria terminalis, anterior division, oval nucleus	359
562	777	BSTrh	Bed nuclei of the stria terminalis, anterior division, rhomboid nucleus	359
529	773	BSTv	Bed nuclei of the stria terminalis, anterior division, ventral nucleus	359
367	45	BSTp	Bed nuclei of the stria terminalis, posterior division	351
569	778	BSTd	Bed nuclei of the stria terminalis, posterior division, dorsal nucleus	367
578	779	BSTpr	Bed nuclei of the stria terminalis, posterior division, principal nucleus	367
585	780	BSTif	Bed nuclei of the stria terminalis, posterior division, interfascicular nucleus	367
594	781	BSTtr	Bed nuclei of the stria terminalis, posterior division, transverse nucleus	367
602	782	BSTse	Bed nuclei of the stria terminalis, posterior division, strial extension	367
287	35	BAC	Bed nucleus of the anterior commissure	809
512	63	CB	Cerebellum	8
528	65	CBX	Cerebellar cortex	512
645	363	VERM	Vermal regions	528
912	396	LING	Lingula (I)	645
10707	null	LINGmo	Lingula (I), molecular layer	912
10706	null	LINGpu	Lingula (I), Purkinje layer	912
10705	null	LINGgr	Lingula (I), granular layer	912
920	397	CENT	Central lobule	645
976	404	CENT2	Lobule II	920
10710	null	CENT2mo	Lobule II, molecular layer	976
10709	null	CENT2pu	Lobule II, Purkinje layer	976
10708	null	CENT2gr	Lobule II, granular layer	976
984	405	CENT3	Lobule III	920
10713	null	CENT3mo	Lobule III, molecular layer	984
10712	null	CENT3pu	Lobule III, Purkinje layer	984
10711	null	CENT3gr	Lobule III, granular layer	984
928	398	CUL	Culmen	645
992	406	CUL4	Lobule IV	928
10716	null	CUL4mo	Lobule IV, molecular layer	992
10715	null	CUL4pu	Lobule IV, Purkinje layer	992
10714	null	CUL4gr	Lobule IV, granular layer	992
1001	407	CUL5	Lobule V	928
10719	null	CUL5mo	Lobule V, molecular layer	1001
10718	null	CUL5pu	Lobule V, Purkinje layer	1001
10717	null	CUL5gr	Lobule V, granular layer	1001
1091	843	CUL4, 5	Lobules IV-V	928
10722	null	CUL4, 5mo	Lobules IV-V, molecular layer	1091
10721	null	CUL4, 5pu	Lobules IV-V, Purkinje layer	1091
10720	null	CUL4, 5gr	Lobules IV-V, granular layer	1091
936	399	DEC	Declive (VI)	645
10725	null	DECmo	Declive (VI), molecular layer	936
10724	null	DECpu	Declive (VI), Purkinje layer	936
10723	null	DECgr	Declive (VI), granular layer	936
944	400	FOTU	Folium-tuber vermis (VII)	645
10728	null	FOTUmo	Folium-tuber vermis (VII), molecular layer	944
10727	null	FOTUpu	Folium-tuber vermis (VII), Purkinje layer	944
10726	null	FOTUgr	Folium-tuber vermis (VII), granular layer	944
951	401	PYR	Pyramus (VIII)	645
10731	null	PYRmo	Pyramus (VIII), molecular layer	951
10730	null	PYRpu	Pyramus (VIII), Purkinje layer	951
10729	null	PYRgr	Pyramus (VIII), granular layer	951
957	402	UVU	Uvula (IX)	645
10734	null	UVUmo	Uvula (IX), molecular layer	957
10733	null	UVUpu	Uvula (IX), Purkinje layer	957
10732	null	UVUgr	Uvula (IX), granular layer	957
968	403	NOD	Nodulus (X)	645
10737	null	NODmo	Nodulus (X), molecular layer	968
10736	null	NODpu	Nodulus (X), Purkinje layer	968
10735	null	NODgr	Nodulus (X), granular layer	968
1073	133	HEM	Hemispheric regions	528
1007	408	SIM	Simple lobule	1073
10674	null	SIMmo	Simple lobule, molecular layer	1007
10673	null	SIMpu	Simple lobule, Purkinje layer	1007
10672	null	SIMgr	Simple lobule, granular layer	1007
1017	409	AN	Ansiform lobule	1073
1056	414	ANcr1	Crus 1	1017
10677	null	ANcr1mo	Crus 1, molecular layer	1056
10676	null	ANcr1pu	Crus 1, Purkinje layer	1056
10675	null	ANcr1gr	Crus 1, granular layer	1056
1064	415	ANcr2	Crus 2	1017
10680	null	ANcr2mo	Crus 2, molecular layer	1064
10679	null	ANcr2pu	Crus 2, Purkinje layer	1064
10678	null	ANcr2gr	Crus 2, granular layer	1064
1025	410	PRM	Paramedian lobule	1073
10683	null	PRMmo	Paramedian lobule, molecular layer	1025
10682	null	PRMpu	Paramedian lobule, Purkinje layer	1025
10681	null	PRMgr	Paramedian lobule, granular layer	1025
1033	411	COPY	Copula pyramidis	1073
10686	null	COPYmo	Copula pyramidis, molecular layer	1033
10685	null	COPYpu	Copula pyramidis, Purkinje layer	1033
10684	null	COPYgr	Copula pyramidis, granular layer	1033
1041	412	PFL	Paraflocculus	1073
10689	null	PFLmo	Paraflocculus, molecular layer	1041
10688	null	PFLpu	Paraflocculus, Purkinje layer	1041
10687	null	PFLgr	Paraflocculus, granular layer	1041
1049	413	FL	Flocculus	1073
10692	null	FLmo	Flocculus, molecular layer	1049
10691	null	FLpu	Flocculus, Purkinje layer	1049
10690	null	FLgr	Flocculus, granular layer	1049
1144	1142	CBXmo	Cerebellar cortex, molecular layer	528
1145	1143	CBXpu	Cerebellar cortex, Purkinje layer	528
1143	1141	CBXgr	Cerebellar cortex, granular layer	528
519	64	CBN	Cerebellar nuclei	512
989	123	FN	Fastigial nucleus	519
91	152	IP	Interposed nucleus	519
846	105	DN	Dentate nucleus	519
343	42	BS	Brain stem	8
1129	140	IB	Interbrain	343
549	351	TH	Thalamus	1129
864	107	DORsm	Thalamus, sensory-motor cortex related	549
637	362	VENT	Ventral group of the dorsal thalamus	864
629	361	VAL	Ventral anterior-lateral complex of the thalamus	637
685	368	VM	Ventral medial nucleus of the thalamus	637
709	371	VP	Ventral posterior complex of the thalamus	637
718	372	VPL	Ventral posterolateral nucleus of the thalamus	709
725	373	VPLpc	Ventral posterolateral nucleus of the thalamus, parvicellular part	709
733	374	VPM	Ventral posteromedial nucleus of the thalamus	709
741	375	VPMpc	Ventral posteromedial nucleus of the thalamus, parvicellular part	733
406	333	SPF	Subparafascicular nucleus	864
414	334	SPFm	Subparafascicular nucleus, magnocellular part	406
422	335	SPFp	Subparafascicular nucleus, parvicellular part	406
609	783	SPA	Subparafascicular area	864
1044	271	PP	Peripeduncular nucleus	864
1008	125	GENd	Geniculate group, dorsal thalamus	864
475	200	MG	Medial geniculate complex	1008
1072	416	MGd	Medial geniculate complex, dorsal part	475
1079	417	MGv	Medial geniculate complex, ventral part	475
1088	418	MGm	Medial geniculate complex, medial part	475
170	162	LGd	Dorsal part of the lateral geniculate complex	1008
856	106	DORpm	Thalamus, polymodal association cortex related	549
138	158	LAT	Lateral group of the dorsal thalamus	856
218	168	LP	Lateral posterior nucleus of the thalamus	138
1020	268	PO	Posterior complex of the thalamus	138
1029	269	POL	Posterior limiting nucleus of the thalamus	138
325	323	SGN	Suprageniculate nucleus	138
239	29	ATN	Anterior group of the dorsal thalamus	856
255	31	AV	Anteroventral nucleus of thalamus	239
127	15	AM	Anteromedial nucleus	239
1096	419	AMd	Anteromedial nucleus, dorsal part	127
1104	420	AMv	Anteromedial nucleus, ventral part	127
64	7	AD	Anterodorsal nucleus	239
1120	139	IAM	Interanteromedial nucleus of the thalamus	239
1113	138	IAD	Interanterodorsal nucleus of the thalamus	239
155	160	LD	Lateral dorsal nucleus of thalamus	239
444	196	MED	Medial group of the dorsal thalamus	856
59	148	IMD	Intermediodorsal nucleus of the thalamus	444
362	186	MD	Mediodorsal nucleus of thalamus	444
617	784	MDc	Mediodorsal nucleus of the thalamus, central part	362
626	785	MDl	Mediodorsal nucleus of the thalamus, lateral part	362
636	786	MDm	Mediodorsal nucleus of the thalamus, medial part	362
366	328	SMT	Submedial nucleus of the thalamus	444
1077	275	PR	Perireunensis nucleus	444
571	212	MTN	Midline group of the dorsal thalamus	856
149	301	PVT	Paraventricular nucleus of the thalamus	571
15	284	PT	Parataenial nucleus	571
181	305	RE	Nucleus of reunions	571
51	147	ILM	Intralaminar nuclei of the dorsal thalamus	856
189	306	RH	Rhomboid nucleus	51
599	74	CM	Central medial nucleus of the thalamus	51
907	254	PCN	Paracentral nucleus	51
575	71	CL	Central lateral nucleus of the thalamus	51
930	257	PF	Parafascicular nucleus	51
262	315	RT	Reticular nucleus of the thalamus	856
1014	126	GENv	Geniculate group, ventral thalamus	856
27	144	IGL	Intergeniculate leaflet of the lateral geniculate complex	1014
178	163	LGv	Ventral part of the lateral geniculate complex	1014
300	461	LGvl	Ventral part of the lateral geniculate complex, lateral zone	178
316	463	LGvm	Ventral part of the lateral geniculate complex, medial zone	178
321	464	SubG	Subgeniculate nucleus	1014
958	119	EPI	Epithalamus	856
483	201	MH	Medial habenula	958
186	164	LH	Lateral habenula	958
953	260	PIN	Pineal body	958
1097	136	HY	Hypothalamus	1129
157	302	PVZ	Periventricular zone	1097
390	331	SO	Supraoptic nucleus	157
332	465	ASO	Accessory supraoptic group	157
432	902	NC	Nucleus circularis	332
38	287	PVH	Paraventricular hypothalamic nucleus	157
71	291	PVHm	Paraventricular hypothalamic nucleus, magnocellular division	38
47	288	PVHam	Paraventricular hypothalamic nucleus, magnocellular division, anterior magnocellular part	71
79	292	PVHmm	Paraventricular hypothalamic nucleus, magnocellular division, medial magnocellular part	71
103	295	PVHpm	Paraventricular hypothalamic nucleus, magnocellular division, posterior magnocellular part	71
652	788	PVHpml	Paraventricular hypothalamic nucleus, magnocellular division, posterior magnocellular part, lateral zone	103
660	789	PVHpmm	Paraventricular hypothalamic nucleus, magnocellular division, posterior magnocellular part, medial zone	103
94	294	PVHp	Paraventricular hypothalamic nucleus, parvicellular division	38
55	289	PVHap	Paraventricular hypothalamic nucleus, parvicellular division, anterior parvicellular part	94
87	293	PVHmpd	Paraventricular hypothalamic nucleus, parvicellular division, medial parvicellular part, dorsal zone	94
110	296	PVHpv	Paraventricular hypothalamic nucleus, parvicellular division, periventricular part	94
30	286	PVa	Periventricular hypothalamic nucleus, anterior part	157
118	297	PVi	Periventricular hypothalamic nucleus, intermediate part	157
223	27	ARH	Arcuate hypothalamic nucleus	157
141	300	PVR	Periventricular region	1097
72	8	ADP	Anterodorsal preoptic nucleus	141
80	9	AHA	Anterior hypothalamic area	141
263	32	AVP	Anteroventral preoptic nucleus	141
272	33	AVPV	Anteroventral periventricular nucleus	141
830	103	DMH	Dorsomedial nucleus of the hypothalamus	141
668	790	DMHa	Dorsomedial nucleus of the hypothalamus, anterior part	830
676	791	DMHp	Dorsomedial nucleus of the hypothalamus, posterior part	830
684	792	DMHv	Dorsomedial nucleus of the hypothalamus, ventral part	830
452	197	MEPO	Median preoptic nucleus	141
523	206	MPO	Medial preoptic area	141
763	236	OV	Vascular organ of the lamina terminalis	141
914	255	PD	Posterodorsal preoptic nucleus	141
1109	279	PS	Parastrial nucleus	141
1124	281	PSCH	Suprachiasmatic preoptic nucleus	141
126	298	PVp	Periventricular hypothalamic nucleus, posterior part	141
133	299	PVpo	Periventricular hypothalamic nucleus, preoptic part	141
347	467	SBPV	Subparaventricular zone	141
286	318	SCH	Suprachiasmatic nucleus	141
338	466	SFO	Subfornical organ	141
689	793	VLPO	Ventrolateral preoptic nucleus	141
467	199	MEZ 	Hypothalamic medial zone	1097
88	10	AHN	Anterior hypothalamic nucleus	467
700	794	AHNa	Anterior hypothalamic nucleus, anterior part	88
708	795	AHNc	Anterior hypothalamic nucleus, central part	88
716	796	AHNd	Anterior hypothalamic nucleus, dorsal part	88
724	797	AHNp	Anterior hypothalamic nucleus, posterior part	88
331	182	MBO	Mammillary body	467
210	167	LM	Lateral mammillary nucleus	331
491	202	MM	Medial mammillary nucleus	331
732	798	Mmme	Medial mammillary nucleus, median part	491
525	348	SUM 	Supramammillary nucleus	331
1110	421	SUMl	Supramammillary nucleus, lateral part	525
1118	422	SUMm	Supramammillary nucleus, medial part	525
557	352	TM	Tuberomammillary nucleus	331
1126	423	TMd	Tuberomammillary nucleus, dorsal part	557
1	424	TMv	Tuberomammillary nucleus, ventral part	557
515	205	MPN	Medial preoptic nucleus	467
740	799	MPNc	Medial preoptic nucleus, central part	515
748	800	MPNl	Medial preoptic nucleus, lateral part	515
756	801	MPNm	Medial preoptic nucleus, medial part	515
980	263	PMd	Dorsal premammillary nucleus	467
1004	266	PMv	Ventral premammillary nucleus	467
63	290	PVHd	Paraventricular hypothalamic nucleus, descending division	467
439	903	PVHdp	Paraventricular hypothalamic nucleus, descending division, dorsal parvicellular part	63
447	904	PVHf	Paraventricular hypothalamic nucleus, descending division, forniceal part	63
455	905	PVHlp	Paraventricular hypothalamic nucleus, descending division, lateral parvicellular part	63
464	906	PVHmpv	Paraventricular hypothalamic nucleus, descending division, medial parvicellular part, ventral zone	63
693	369	VMH	Ventromedial hypothalamic nucleus	467
761	802	VMHa	Ventromedial hypothalamic nucleus, anterior part	693
769	803	VMHc	Ventromedial hypothalamic nucleus, central part	693
777	804	VMHdm	Ventromedial hypothalamic nucleus, dorsomedial part	693
785	805	VMHvl	Ventromedial hypothalamic nucleus, ventrolateral part	693
946	259	PH	Posterior hypothalamic nucleus	467
290	177	LZ	Hypothalamic lateral zone	1097
194	165	LHA	Lateral hypothalamic area	290
226	169	LPO	Lateral preoptic area	290
356	468	PST	Preparasubthalamic nucleus	290
364	469	PSTN	Parasubthalamic nucleus	290
173	304	RCH	Retrochiasmatic area	290
470	341	STN	Subthalamic nucleus	290
614	359	TU	Tuberal nucleus	290
797	382	ZI	Zona incerta	290
796	806	A13	Dopaminergic A13 group	797
804	807	FF	Fields of Forel	797
10671	null	ME	Median eminence	1097
313	180	MB	Midbrain	343
339	183	MBsen	Midbrain, sensory related	313
302	320	SCs	Superior colliculus, sensory related	339
851	813	SCop	Superior colliculus, optic layer	302
842	812	SCsg	Superior colliculus, superficial gray layer	302
834	811	SCzo	Superior colliculus, zonal layer	302
4	141	IC	Inferior colliculus	339
811	808	ICc	Inferior colliculus, central nucleus	4
820	809	ICd	Inferior colliculus, dorsal nucleus	4
828	810	ICe	Inferior colliculus, external nucleus	4
580	213	NB	Nucleus of the brachium of the inferior colliculus	339
271	316	SAG	Nucleus sagulum	339
874	250	PBG	Parabigeminal nucleus	339
460	198	MEV	Midbrain trigeminal nucleus	339
323	181	MBmot	Midbrain, motor related	313
381	330	SNr	Substantia nigra, reticular part	323
749	376	VTA	Ventral tegmental area	323
246	313	RR	Midbrain reticular nucleus, retrorubral area	323
128	864	MRN	Midbrain reticular nucleus	323
539	208	MRNm	Midbrain reticular nucleus, magnocellular part	128
548	209	MRNmg	Midbrain reticular nucleus, magnocellular part, general	128
555	210	MRNp	Midbrain reticular nucleus, parvicellular part	128
294	319	SCm	Superior colliculus, motor related	323
26	427	SCdg	Superior colliculus, motor related, deep gray layer	294
42	429	SCdw	Superior colliculus, motor related, deep white layer	294
17	426	SCiw	Superior colliculus, motor related, intermediate white layer	294
10	425	SCig	Superior colliculus, motor related, intermediate gray layer	294
494	910	SCig-a	Superior colliculus, motor related, intermediate gray layer, sublayer a	10
503	911	SCig-b	Superior colliculus, motor related, intermediate gray layer, sublayer b	10
511	912	SCig-c	Superior colliculus, motor related, intermediate gray layer, sublayer c	10
795	240	PAG	Periaqueductal gray	323
50	430	PRC	Precommissural nucleus	795
67	149	INC	Interstitial nucleus of Cajal	795
587	214	ND	Nucleus of Darkschewitsch	795
1100	278	PRT	Pretectal region	323
215	26	APN	Anterior pretectal nucleus	1100
531	207	MPT	Medial pretectal area	1100
628	219	NOT	Nucleus of the optic tract	1100
634	220	NPC	Nucleus of the posterior commissure	1100
706	229	OP	Olivary pretectal nucleus	1100
1061	273	PPT	Posterior pretectal nucleus	1100
616	76	CUN	Cuneiform nucleus	323
214	309	RN	Red nucleus	323
35	145	III	Oculomotor nucleus	323
975	121	EW	Edinger-Westphal nucleus	323
115	155	IV	Trochlear nucleus	323
757	377	VTN	Ventral tegmental nucleus	323
231	28	AT	Anterior tegmental nucleus	323
66	432	LT	Lateral terminal nucleus of the accessory optic tract	323
75	433	DT	Dorsal terminal nucleus of the accessory optic tract	323
58	431	MT	Medial terminal nucleus of the accessory optic tract	323
615	925	SNl	Substantia nigra, lateral part	323
348	184	MBsta	Midbrain, behavioral state related	313
374	329	SNc	Substantia nigra, compact part	348
1052	272	PPN	Pedunculopontine nucleus	348
165	303	RAmb	Midbrain raphe nuclei	348
12	142	IF	Interfascicular nucleus raphe	165
100	153	IPN	Interpeduncular nucleus	165
197	307	RL	Rostral linear nucleus raphe	165
591	73	CLI	Central linear nucleus raphe	165
872	108	DR	Dorsal nucleus raphe	165
1065	132	HB	Hindbrain	343
771	237	P	Pons	1065
1132	282	P-sen	Pons, sensory related	771
612	217	NLL	Nucleus of the lateral lemniscus	1132
82	434	NLLd	Nucleus of the lateral lemniscus, dorsal part	612
90	435	NLLh	Nucleus of the lateral lemniscus, horizontal part	612
99	436	NLLv	Nucleus of the lateral lemniscus, ventral part	612
7	283	PSV	Principal sensory nucleus of the trigeminal	1132
867	249	PB	Parabrachial nucleus	1132
123	156	KF	Koelliker-Fuse subnucleus	867
881	251	PBl	Parabrachial nucleus, lateral division	867
860	814	PBlc	Parabrachial nucleus, lateral division, central lateral part	881
868	815	PBld	Parabrachial nucleus, lateral division, dorsal lateral part	881
875	816	PBle	Parabrachial nucleus, lateral division, external lateral part	881
883	817	PBls	Parabrachial nucleus, lateral division, superior lateral part	881
891	818	PBlv	Parabrachial nucleus, lateral division, ventral lateral part	881
890	252	PBm	Parabrachial nucleus, medial division	867
899	819	PBme	Parabrachial nucleus, medial division, external medial part	890
915	821	PBmm	Parabrachial nucleus, medial division, medial medial part	890
923	822	PBmv	Parabrachial nucleus, medial division, ventral medial part	890
398	332	SOC	Superior olivary complex	1132
122	439	POR	Superior olivary complex, periolivary region	398
105	437	SOCm	Superior olivary complex, medial part	398
114	438	SOCl	Superior olivary complex, lateral part	398
987	264	P-mot	Pons, motor related	771
280	34	B	Barrington's nucleus	987
880	109	DTN	Dorsal tegmental nucleus	987
283	176	LTN	Lateral tegmental nucleus	987
898	253	PCG	Pontine central gray	987
931	823	PG	Pontine gray	987
1093	277	PRNc	Pontine reticular nucleus, caudal part	987
552	917	PRNv	Pontine reticular nucleus, ventral part	987
318	322	SG	Supragenual nucleus	987
462	340	SSN	Superior salivatory nucleus	987
534	349	SUT	Supratrigeminal nucleus	987
574	354	TRN	Tegmental reticular nucleus	987
621	360	V	Motor nucleus of trigeminal	987
1117	280	P-sat	Pons, behavioral state related	771
679	84	CS	Superior central nucleus raphe	1117
137	441	CSl	Superior central nucleus raphe, lateral part	679
130	440	CSm	Superior central nucleus raphe, medial part	679
147	159	LC	Locus ceruleus	1117
162	161	LDT	Laterodorsal tegmental nucleus	1117
604	216	NI	Nucleus incertus	1117
146	442	PRNr	Pontine reticular nucleus	1117
238	312	RPO	Nucleus raphe pontis	1117
350	326	SLC	Subceruleus nucleus	1117
358	327	SLD	Sublaterodorsal nucleus	1117
354	185	MY	Medulla	1065
386	189	MY-sen	Medulla, sensory related	354
207	25	AP	Area postrema	386
607	75	CN	Cochlear nuclei	386
112	862	CNlam	Granular lamina of the cochlear nuclei	607
560	918	CNspg	Cochlear nucleus, subpedunclular granular region	607
96	860	DCO	Dorsal cochlear nucleus	607
101	861	VCO	Ventral cochlear nucleus	607
720	89	DCN	Dorsal column nuclei	386
711	88	CU	Cuneate nucleus	720
1039	129	GR	Gracile nucleus	720
903	112	ECU	External cuneate nucleus	386
642	221	NTB	Nucleus of the trapezoid body	386
651	222	NTS	Nucleus of the solitary tract	386
659	223	NTSce	Nucleus of the solitary tract, central part	651
666	224	NTSco	Nucleus of the solitary tract, commissural part	651
674	225	NTSge	Nucleus of the solitary tract, gelatinous part	651
682	226	NTSl	Nucleus of the solitary tract, lateral part	651
691	227	NTSm	Nucleus of the solitary tract, medial part	651
429	336	SPVC	Spinal nucleus of the trigeminal, caudal part	386
437	337	SPVI	Spinal nucleus of the trigeminal, interpolar part	386
445	338	SPVO	Spinal nucleus of the trigeminal, oral part	386
77	858	SPVOcdm	Spinal nucleus of the trigeminal, oral part, caudal dorsomedial part	445
53	855	SPVOmdmd	Spinal nucleus of the trigeminal, oral part, middle dorsomedial part, dorsal zone	445
61	856	SPVOmdmv	Spinal nucleus of the trigeminal, oral part, middle dorsomedial part, ventral zone	445
45	854	SPVOrdm	Spinal nucleus of the trigeminal, oral part, rostral dorsomedial part	445
69	857	SPVOvl	Spinal nucleus of the trigeminal, oral part, ventrolateral part	445
789	381	z	Nucleus z	386
370	187	MY-mot	Medulla, motor related	354
653	364	VI	Abducens nucleus	370
568	919	ACVI	Accessory abducens nucleus	370
661	365	VII	Facial motor nucleus	370
576	920	ACVII	Accessory facial motor nucleus	370
640	928	EV	Efferent vestibular nucleus	370
135	16	AMB	Nucleus ambiguus	370
939	824	AMBd	Nucleus ambiguus, dorsal division	135
143	17	AMBv	Nucleus ambiguus, ventral division	135
839	104	DMX	Dorsal motor nucleus of the vagus nerve	370
887	110	ECO	Efferent cochlear group	370
1048	130	GRN	Gigantocellular reticular nucleus	370
372	470	ICB	Infracerebellar nucleus	370
83	151	IO	Inferior olivary complex	370
136	865	IRN	Intermediate reticular nucleus	370
106	154	ISN	Inferior salivatory nucleus	370
203	166	LIN	Linear nucleus of the medulla	370
235	170	LRN	Lateral reticular nucleus	370
955	826	LRNm	Lateral reticular nucleus, magnocellular part	235
963	827	LRNp	Lateral reticular nucleus, parvicellular part	235
307	179	MARN	Magnocellular reticular nucleus	370
395	190	MDRN	Medullary reticular nucleus	370
1098	844	MDRNd	Medullary reticular nucleus, dorsal part	395
1107	845	MDRNv	Medullary reticular nucleus, ventral part	395
852	247	PARN	Parvicellular reticular nucleus	370
859	248	PAS	Parasolitary nucleus	370
938	258	PGRN	Paragigantocellular reticular nucleus	370
970	828	PGRNd	Paragigantocellular reticular nucleus, dorsal part	938
978	829	PGRNl	Paragigantocellular reticular nucleus, lateral part	938
154	443	PHY	Perihypoglossal nuclei	370
161	444	NIS	Nucleus intercalatus	154
177	446	NR	Nucleus of Roller	154
169	445	PRP	Nucleus prepositus	154
995	265	PMR	Paramedian reticular nucleus	370
1069	274	PPY	Parapyramidal nucleus	370
185	447	PPYd	Parapyramidal nucleus, deep part	1069
193	448	PPYs	Parapyramidal nucleus, superficial part	1069
701	370	VNC	Vestibular nuclei	370
209	450	LAV	Lateral vestibular nucleus	701
202	449	MV	Medial vestibular nucleus	701
225	452	SPIV	Spinal vestibular nucleus	701
217	451	SUV	Superior vestibular nucleus	701
765	378	x	Nucleus x	370
773	379	XII	Hypoglossal nucleus	370
781	380	y	Nucleus y	370
76	150	INV	Interstitial nucleus of the vestibular nerve	370
379	188	MY-sat	Medulla, behavioral state related	354
206	308	RM	Nucleus raphe magnus	379
230	311	RPA	Nucleus raphe pallidus	379
222	310	RO	Nucleus raphe obscurus	379
1009	691	fiber tracts	fiber tracts	997
967	686	cm	cranial nerves	1009
885	676	tn	terminal nerve	967
949	684	von	vomeronasal nerve	967
840	670	In	olfactory nerve	967
1016	692	onl	olfactory nerve layer of main olfactory bulb	840
21	568	lotg	lateral olfactory tract, general	840
665	507	lot	lateral olfactory tract, body	21
538	491	lotd	dorsal limb	21
459	481	aolt	accessory olfactory tract	21
900	536	aco	anterior commissure, olfactory limb	840
848	671	IIn	optic nerve	967
876	533	aot	accessory optic tract	848
916	538	bsc	brachium of the superior colliculus	848
336	607	csc	superior colliculus commissure	848
117	580	och	optic chiasm	848
125	581	opt	optic tract	848
357	610	ttp	tectothalamic pathway	848
832	669	IIIn	oculomotor nerve	967
62	573	mlf	medial longitudinal fascicle	832
158	585	pc	posterior commissure	832
911	679	IVn	trochlear nerve	967
384	613	IVd	trochlear nerve decussation	911
710	654	VIn	abducens nerve	967
901	678	Vn	trigeminal nerve	967
93	577	moV	motor root of the trigeminal nerve	901
229	594	sV	sensory root of the trigeminal nerve	901
705	512	mtV	midbrain tract of the trigeminal nerve	229
794	523	sptV	spinal tract of the trigeminal nerve	229
798	665	VIIn	facial nerve	967
1131	565	iVIIn	intermediate nerve	798
1116	563	gVIIn	genu of the facial nerve	798
933	682	VIIIn	vestibulocochlear nerve	967
1076	558	cvb	efferent cochleovestibular bundle	933
413	617	vVIIIn	vestibular nerve	933
948	542	cVIIIn	cochlear nerve	933
841	529	tb	trapezoid body	948
641	504	ias	intermediate acoustic stria	948
506	487	das	dorsal acoustic stria	948
658	506	ll	lateral lemniscus	948
633	503	cic	inferior colliculus commissure	948
482	484	bic	brachium of the inferior colliculus	948
808	666	IXn	glossopharyngeal nerve	967
917	680	Xn	vagus nerve	967
237	595	ts	solitary tract	917
717	655	XIn	accessory spinal nerve	967
813	667	XIIn	hypoglossal nerve	967
925	681	vrt	ventral roots	967
792	664	drt	dorsal roots	967
932	540	cett	cervicothalamic tract	792
570	495	dl	dorsolateral fascicle	932
522	489	dcm	dorsal commissure of the spinal cord	932
858	531	vc	ventral commissure of the spinal cord	932
586	497	fpr	fasciculus proprius	932
514	488	dc	dorsal column	932
380	471	cuf	cuneate fascicle	514
388	472	grf	gracile fascicle	514
396	473	iaf	internal arcuate fibers	514
697	511	ml	medial lemniscus	932
871	674	sst	spinothalamic tract	967
29	569	sttl	lateral spinothalamic tract	871
389	614	sttv	ventral spinothalamic tract	871
245	596	scrt	spinocervical tract	871
261	598	sop	spino-olivary pathway	871
270	599	srp	spinoreticular pathway	871
293	602	svp	spinovestibular pathway	871
277	600	stp	spinotectal pathway	871
253	597	shp	spinohypothalamic pathway	871
285	601	step	spinotelenchephalic pathway	871
627	502	hht	hypothalamohypophysial tract	285
960	685	cbf	cerebellum related fiber tracts	1009
744	658	cbc	cerebellar commissure	960
752	659	cbp	cerebellar peduncles	960
326	606	scp	superior cerebelar peduncles	752
812	525	dscp	superior cerebellar peduncle decussation	326
85	859	sct	spinocerebellar tract	812
850	530	uf	uncinate fascicle	326
866	532	sctv	ventral spinocerebellar tract	326
78	575	mcp	middle cerebellar peduncle	752
1123	564	icp	inferior cerebellar peduncle	752
553	493	sctd	dorsal spinocerebellar tract	1123
499	486	cct	cuneocerebellar tract	1123
650	505	jrb	juxtarestiform body	1123
490	485	bct	bulbocerebellar tract	1123
404	474	oct	olivocerebellar tract	490
410	475	rct	reticulocerebellar tract	490
373	612	tct	trigeminocerebellar tract	752
728	656	arb	arbor vitae	960
983	688	lfbs	lateral forebrain bundle system	1009
776	662	cc	corpus callosum	983
956	543	fa	corpus callosum, anterior forceps	776
579	496	ec	external capsule	956
964	544	ee	corpus callosum, extreme capsule	776
1108	562	ccg	genu of corpus callosum	776
971	545	fp	corpus callosum, posterior forceps	776
979	546	ccr	corpus callosum, rostrum	776
986	547	ccs	corpus callosum, splenium	776
784	663	cst	corticospinal tract	983
6	566	int	internal capsule	784
924	539	cpd	cerebal peduncle	784
1036	553	cte	corticotectal tract	784
1012	550	crt	corticorubral tract	784
1003	549	cpt	corticopontine tract	784
994	548	cbt	corticobulbar tract	784
190	589	py	pyramid	784
198	590	pyd	pyramidal decussation	784
1019	551	cstc	corticospinal tract, crossed	784
1028	552	cstu	corticospinal tract, uncrossed	784
896	677	lfbst	thalamus related	983
1092	560	em	external medullary lamina of the thalamus	896
14	567	im	internal medullary lamina of the thalamus	896
86	576	mtc	middle thalamic commissure	896
365	611	tp	thalamic peduncles	896
1000	690	eps	extrapyramidal fiber systems	1009
760	660	epsc	cerebral nuclei related	1000
142	583	pap	pallidothalmic pathway	760
102	578	nst	nigrostriatal tract	760
109	579	ntt	nigrothalamic fibers	760
134	582	ptf	pallidotegmental fascicle	760
309	604	snp	striatonigral pathway	760
317	605	stf	subthalamic fascicle	760
877	675	tsp	tectospinal pathway	1000
1051	555	tspd	direct tectospinal pathway	877
1060	556	dtd	doral tegmental decussation	877
1043	554	tspc	crossed tectospinal pathway	877
863	673	rust	rubrospinal tract	1000
397	615	vtd	ventral tegmental decussation	863
221	593	rrt	rubroreticular tract	863
736	657	ctb	central tegmental bundle	1000
855	672	rst	retriculospinal tract	1000
205	591	rstl	retriculospinal tract, lateral part	855
213	592	rstm	retriculospinal tract, medial part	855
941	683	vsp	vestibulospinal pathway	1000
991	689	mfbs	medial forebrain bundle system	1009
768	661	mfbc	cerebrum related	991
884	534	amc	amygdalar capsule	768
892	535	apd	ansa peduncularis	768
908	537	act	anterior commissure, temporal limb	768
940	541	cing	cingulum bundle	768
1099	561	fxs	fornix system	768
466	482	alv	alveus	1099
530	490	df	dorsal fornix	1099
603	499	fi	fimbria	1099
745	517	fxprg	precommissural fornix, general	1099
420	476	db	precommissural fornix diagonal band	745
737	516	fxpo	postcommissural fornix	1099
428	477	mct	medial corticohypothalmic tract	737
436	478	fx	columns of the fornix	737
618	501	hc	hippocampal commissures	1099
443	479	dhc	dorsal hippocampal commissure	618
449	480	vhc	ventral hippocampal commissure	618
713	513	per	perforant path	1099
474	483	ab	angular path	1099
37	570	lab	longitudinal association bundle	768
301	603	st	stria terminalis	768
824	668	mfsbshy	hypothalamus related	991
54	572	mfb	medial forebrain bundle	824
405	616	vlt	ventrolateral hypothalamic tract	824
174	587	poc	preoptic commissure	824
349	609	sup	supraoptic commissures	824
817	526	supa	supraoptic commissures, anterior	349
825	527	supd	supraoptic commissures, dorsal	349
833	528	supv	supraoptic commissures, ventral	349
166	586	pmx	premammillary commissure	824
341	608	smd	supramammillary decussation	824
182	588	php	propriohypothalamic pathways	824
762	519	phpd	propriohypothalamic pathways, dorsal	182
770	520	phpl	propriohypothalamic pathways, lateral	182
779	521	phpm	propriohypothalamic pathways, medial	182
787	522	phpv	propriohypothalamic pathways, ventral	182
150	584	pvbh	periventricular bundle of the hypothalamus	824
46	571	mfbsma	mammillary related	824
753	518	pm	principal mammillary tract	46
690	510	mtt	mammilothalmic tract	46
681	509	mtg	mammillotegmental tract	46
673	508	mp	mammillary peduncle	46
1068	557	mfbst	dorsal thalamus related	824
722	514	pvbt	periventricular bundle of the thalamus	1068
1083	559	mfbse	epithalamus related	824
802	524	sm	stria medullaris	1083
595	498	fr	fasciculus retroflexus	1083
611	500	hbc	habenular commissure	1083
730	515	PIS	pineal stalk	1083
70	574	mfbsm	midbrain related	824
547	492	dlf	dorsal longitudinal fascicle	70
563	494	dtt	dorsal tegmental tract	70
73	716	VS	ventricular systems	997
81	717	VL	lateral ventricle	73
89	718	RC	rhinocele	81
98	719	SEZ	subependymal zone	81
108	720	chpl	choroid plexus	81
116	721	chfl	choroid fissure	81
124	722	IVF	interventricular foramen	73
129	723	V3	third ventricle	73
140	724	AQ	cerebral aqueduct	73
145	725	V4	fourth ventricle	73
153	726	V4r	lateral recess	145
164	727	c	central canal, spinal cord/medulla	73
1024	693	grv	grooves	997
1032	694	grv of CTX	grooves of the cerebral cortex	1024
1055	697	eg	endorhinal groove	1032
1063	698	hf	hippocampal fissure	1032
1071	699	rf	rhinal fissure	1032
1078	700	ri	rhinal incisure	1032
1040	695	grv of CBX	grooves of the cerebellar cortex	1024
1087	701	pce	precentral fissure	1040
1095	702	pcf	preculminate fissure	1040
1103	703	pri	primary fissure	1040
1112	704	psf	posterior superior fissure	1040
1119	705	ppf	prepyramidal fissure	1040
3	707	sec	secondary fissure	1040
11	708	plf	posterolateral fissure	1040
18	709	nf	nodular fissure	1040
25	710	sif	simple fissure	1040
34	711	icf	intercrural fissure	1040
43	712	apf	ansoparamedian fissure	1040
49	713	ipf	intraparafloccular fissure	1040
57	714	pms	paramedian sulcus	1040
65	715	pfs	parafloccular sulcus	1040
624	926	IPF	Interpeduncular fossa	1024
